UNUNIT,UNYEAR,UNMAKE
535,1996,PETERBILT   
534,1996,PETERBILT   
533,1996,PETERBILT   
532,1996,PETERBILT   
531,1996,PETERBILT   
526,1996,PETERBILT   
238,1995,PETERBILT   
536,1997,PETERBILT   
537,1997,PETERBILT   
538,1997,PETERBILT   
539,1997,PETERBILT   
540,1997,PETERBILT   
1,1996,            
1,1900,SYSTEM TEST 
121,1999,PETERBILT   
1505,2012,FREIGHTLINER
1506,2012,FREIGHTLINER
1507,2012,FREIGHTLINER
1508,2012,FREIGHTLINER
1509,2012,FREIGHTLINER
243,2005,VOLVO       
244,2005,VOLVO       
245,2008,VOLVO       
246,2008,VOLVO       
1510,2012,FREIGHTLINER
1511,2012,FREIGHTLINER
1512,2012,FREIGHTLINER
1513,2012,FREIGHTLINER
1514,2012,FREIGHTLINER
1515,2012,FREIGHTLINER
1516,2012,FREIGHTLINER
1517,2012,FREIGHTLINER
1518,2012,FREIGHTLINER
1519,2012,FREIGHTLINER
1520,2012,VOLVO       
1521,2012,VOLVO       
1522,2012,VOLVO       
1523,2012,VOLVO       
1524,2012,VOLVO       
1525,2012,VOLVO       
1526,2012,VOLVO       
1527,2012,VOLVO       
1528,2012,VOLVO       
1529,2012,VOLVO       
1530,2012,VOLVO       
1531,2012,VOLVO       
1532,2012,VOLVO       
1533,2012,VOLVO       
1534,2012,VOLVO       
1535,2012,VOLVO       
1536,2012,VOLVO       
1537,2012,VOLVO       
1538,2012,VOLVO       
1539,2012,VOLVO       
1540,2012,VOLVO       
1541,2012,VOLVO       
1542,2012,VOLVO       
1543,2012,VOLVO       
1544,2012,VOLVO       
1545,2012,VOLVO       
1546,2012,VOLVO       
1547,2012,VOLVO       
1548,2012,VOLVO       
1549,2012,VOLVO       
1550,2013,VOLVO       
1551,2013,VOLVO       
1552,2013,VOLVO       
1554,2013,VOLVO       
1555,2013,VOLVO       
1556,2013,VOLVO       
1557,2013,VOLVO       
1558,2013,VOLVO       
1559,2013,VOLVO       
1560,2013,VOLVO       
1561,2013,VOLVO       
1562,2013,VOLVO       
1563,2013,VOLVO       
1564,2013,VOLVO       
1566,2013,VOLVO       
1565,2013,VOLVO       
1567,2013,VOLVO       
1568,2013,VOLVO       
1569,2013,VOLVO       
1570,2013,VOLVO       
1571,2013,VOLVO       
1572,2013,VOLVO       
1573,2013,VOLVO       
1574,2013,VOLVO       
1575,2013,VOLVO       
1576,2013,VOLVO       
1577,2013,VOLVO       
1578,2013,VOLVO       
1579,2013,VOLVO       
1580,2013,VOLVO       
1581,2013,VOLVO       
1582,2013,VOLVO       
1583,2013,VOLVO       
1584,2013,VOLVO       
1585,2013,VOLVO       
1586,2013,VOLVO       
1587,2013,VOLVO       
1588,2013,VOLVO       
1589,2013,VOLVO       
1590,2013,VOLVO       
1591,2013,VOLVO       
1592,2013,VOLVO       
1593,2013,VOLVO       
1594,2013,VOLVO       
1595,2013,VOLVO       
1596,2013,VOLVO       
1597,2013,VOLVO       
1598,2013,VOLVO       
1599,2013,VOLVO       
1600,2013,VOLVO       
1601,2013,VOLVO       
1602,2013,VOLVO       
1603,2013,VOLVO       
1604,2013,VOLVO       
1605,2014,KENWORTH    
1606,2014,KENWORTH    
1607,2014,KENWORTH    
1608,2014,KENWORTH    
1609,2014,KENWORTH    
1610,2014,KENWORTH    
1611,2014,KENWORTH    
1612,2014,KENWORTH    
1613,2014,KENWORTH    
1614,2014,KENWORTH    
1615,2014,KENWORTH    
1616,2014,KENWORTH    
1617,2014,KENWORTH    
1618,2014,KENWORTH    
1619,2014,KENWORTH    
1620,2014,KENWORTH    
1621,2014,KENWORTH    
1622,2014,KENWORTH    
1623,2014,KENWORTH    
1624,2014,KENWORTH    
1625,2014,KENWORTH    
1627,2014,KENWORTH    
1628,2014,KENWORTH    
1629,2014,KENWORTH    
1630,2014,KENWORTH    
1631,2014,KENWORTH    
1632,2014,KENWORTH    
1633,2014,KENWORTH    
1634,2014,KENWORTH    
1626,2014,KENWORTH    
1635,2014,KENWORTH    
1636,2014,KENWORTH    
1637,2014,KENWORTH    
1638,2014,KENWORTH    
1639,2014,KENWORTH    
1640,2014,KENWORTH    
1641,2014,KENWORTH    
1642,2014,KENWORTH    
1643,2014,KENWORTH    
1644,2014,KENWORTH    
1645,2014,KENWORTH    
1646,2014,KENWORTH    
1647,2014,KENWORTH    
1648,2014,KENWORTH    
1649,2014,KENWORTH    
1650,2014,KENWORTH    
1651,2014,KENWORTH    
1652,2014,KENWORTH    
1653,2014,KENWORTH    
1654,2014,KENWORTH    
1655,2014,KENWORTH    
1656,2014,KENWORTH    
1657,2014,KENWORTH    
1658,2014,KENWORTH    
1659,2010,KENWORTH    
1660,2014,KENWORTH    
1661,2014,KENWORTH    
1662,2014,KENWORTH    
1663,2014,KENWORTH    
1666,2014,KENWORTH    
1667,2013,KENWORTH    
1668,2014,KENWORTH    
1669,2014,KENWORTH    
1670,2014,KENWORTH    
1664,2014,KENWORTH    
1665,2014,KENWORTH    
1671,2014,MACK        
1672,2014,MACK        
1673,2014,MACK        
1674,2014,MACK        
1675,2014,MACK        
1676,2014,MACK        
1677,2014,MACK        
1678,2014,MACK        
1679,2014,MACK        
1680,2014,MACK        
1681,2015,KENWORTH    
1682,2015,KENWORTH    
1683,2015,KENWORTH    
1684,2015,KENWORTH    
1685,2015,KENWORTH    
1686,2015,KENWORTH    
1687,2015,KENWORTH    
1688,2015,KENWORTH    
1689,2015,KENWORTH    
1690,2015,KENWORTH    
1691,2015,KENWORTH    
1692,2015,KENWORTH    
1693,2015,KENWORTH    
1694,2015,KENWORTH    
1695,2015,KENWORTH    
1696,2015,KENWORTH    
1697,2015,KENWORTH    
1698,2015,KENWORTH    
1699,2015,KENWORTH    
1700,2015,KENWORTH    
1701,2015,KENWORTH    
1702,2015,KENWORTH    
1703,2015,KENWORTH    
301,2015,KENWORTH    
302,2015,KENWORTH    
1704,2015,KENWORTH    
1705,2015,KENWORTH    
1706,2015,KENWORTH    
1707,2015,KENWORTH    
1708,2015,KENWORTH    
1709,2015,KENWORTH    
1710,2015,KENWORTH    
1711,2015,KENWORTH    
1712,2015,KENWORTH    
1713,2015,KENWORTH    
1714,2015,KENWORTH    
1715,2015,KENWORTH    
1716,2015,KENWORTH    
303,2015,KENWORTH    
304,2015,KENWORTH    
1717,2015,KENWORTH    
1718,2015,KENWORTH    
1719,2015,KENWORTH    
1720,2015,KENWORTH    
1721,2015,KENWORTH    
1722,2015,KENWORTH    
1723,2015,KENWORTH    
1724,2015,KENWORTH    
1725,2015,KENWORTH    
1726,2015,KENWORTH    
1727,2015,KENWORTH    
1728,2015,KENWORTH    
1729,2015,KENWORTH    
1730,2015,KENWORTH    
1731,2015,KENWORTH    
1732,2015,KENWORTH    
1733,2015,KENWORTH    
1734,2015,KENWORTH    
1735,2015,KENWORTH    
1736,2015,KENWORTH    
1737,2015,KENWORTH    
1738,2015,KENWORTH    
1739,2015,KENWORTH    
1740,2015,KENWORTH    
1741,2015,KENWORTH    
1742,2015,KENWORTH    
1743,2015,KENWORTH    
1744,2015,KENWORTH    
305,2015,KENWORTH    
306,2015,KENWORTH    
1745,2015,KENWORTH    
1746,2015,KENWORTH    
1747,2015,KENWORTH    
1748,2015,KENWORTH    
1749,2015,KENWORTH    
1750,2015,KENWORTH    
1751,2015,KENWORTH    
1752,2015,KENOWRTH    
1753,2015,KENWORTH    
1754,2015,KENWORTH    
1755,2015,KENWORTH    
1756,2015,KENWORTH    
1757,2015,KENWORTH    
1758,2015,KENWORTH    
1759,2015,KENWORTH    
307,2015,KENWORTH    
308,2015,KENWORTH    
1760,2015,KENWORTH    
1761,2015,KENWORTH    
1762,2015,KENWORTH    
1763,2015,KENWORTH    
1764,2015,KENWORTH    
1765,2015,KENWORTH    
1766,2015,KENWORTH    
1767,2015,KENWORTH    
1768,2015,KENWORTH    
1769,2015,KENWORTH    
1770,2015,KENWORTH    
309,2015,KENWORTH    
310,2015,KENWORTH    
1771,2015,KENWORTH    
1772,2015,KENWORTH    
1773,2015,KENWORTH    
1774,2015,KENWORTH    
1775,2015,KENWORTH    
1776,2015,KENWORTH    
1777,2015,KENWORTH    
1778,2015,KENWORTH    
1779,2015,KENWORTH    
1780,2015,KENWORTH    
1781,2016,KENWORTH    
1782,2016,KENWORTH    
1783,2016,KENWORTH    
1784,2016,KENWORTH    
1785,2016,KENWORTH    
1786,2016,KENWORTH    
1787,2016,KENWORTH    
1788,2016,KENWORTH    
1789,2016,KENWORTH    
1790,2016,KENWORTH    
1791,2016,KENWORTH    
1792,2016,KENWORTH    
1793,2016,KENWORTH    
1794,2016,KENWORTH    
1795,2016,KENWORTH    
1796,2016,KENWORTH    
1797,2016,KENWORTH    
1798,2016,KENWORTH    
1799,2016,KENWORTH    
1800,2016,KENWORTH    
1801,2016,KENWORTH    
1802,2016,KENWORTH    
1803,2016,VOLVO       
1804,2016,VOLVO       
1805,2016,VOLVO       
1806,2016,VOLVO       
1807,2016,VOLVO       
1808,2016,VOLVO       
1809,2016,VOLVO       
1810,2016,VOLVO       
1811,2016,VOLVO       
1812,2016,VOLVO       
1813,2016,VOLVO       
1814,2016,VOLVO       
1815,2016,VOLVO       
ZEBE  ,    ,            
1816,2016,VOLVO       
1817,2016,VOLVO       
1818,2016,VOLVO       
1819,2016,VOLVO       
1820,2016,VOLVO       
1821,2016,VOLVO       
1822,2016,VOLVO       
1823,2016,VOLVO       
1824,2016,VOLVO       
1825,2016,VOLVO       
1826,2016,VOLVO       
1827,2016,VOLVO       
1828,2016,VOLVO       
1829,2016,VOLVO       
1830,2016,VOLVO       
1831,2016,VOLVO       
1832,2016,VOLVO       
1833,2016,VOLVO       
1834,2016,VOLVO       
1835,2016,VOLVO       
1836,2016,VOLVO       
1837,2016,VOLVO       
1838,2016,VOLVO       
1839,2016,VOLVO       
1840,2016,VOLVO       
237,2001,VOLVO       
235,2001,VOLVO       
236,2001,VOLVO       
1841,2016,VOLVO       
1842,2016,VOLVO       
1843,2016,VOLVO       
1844,2016,VOLVO       
1845,2016,VOLVO       
1846,2016,VOLVO       
1847,2016,VOLVO       
1848,2016,VOLVO       
1849,2016,VOLVO       
1850,2016,VOLVO       
BGXL  ,    ,            
1851,2017,KENWORTH    
1852,2017,KENWORTH    
1853,2017,KENWORTH    
1854,2017,KENWORTH    
1855,2017,KENWORTH    
1856,2017,KENWORTH    
1857,2017,KENWORTH    
1858,2017,KENWORTH    
1859,2017,KENWORTH    
1860,2017,KENWORTH    
1861,2017,KENWORTH    
1862,2017,KENWORTH    
1863,2017,KENWORTH    
1864,2017,KENWORTH    
1865,2017,KENWORTH    
1866,2017,KENWORTH    
1867,2017,KENWORTH    
1868,2017,KENWORTH    
1869,2017,KENWORTH    
1870,2017,KENWORTH    
1871,2017,KENWORTH    
1872,2016,KENWORTH    
1873,2017,KENWORTH    
1874,2017,KENWORTH    
1875,2017,KENWORTH    
1876,2017,KENWORTH    
1877,2017,KENWORTH    
1879,2016,KENWORTH    
1880,2017,KENWORTH    
1878,2017,KENWORTH    
1881,2017,KENWORTH    
1882,2017,KENWORTH    
1883,2017,KENWORTH    
1884,2017,KENWORTH    
1890,2017,KENWORTH    
1891,2017,KENWORTH    
1892,2017,KENWORTH    
1893,2017,KENWORTH    
1894,2017,KENWORTH    
1885,2017,KENWORTH    
1886,2017,KENWORTH    
1887,2017,KENWORTH    
1888,2017,KENWORTH    
1889,2017,KENWORTH    
1895,2017,KENWORTH    
1896,2017,KENWORTH    
1897,2017,KENWORTH    
1898,2017,KENWORTH    
1899,2017,KENWORTH    
1900,2017,KENWORTH    
1901,2017,KENWORTH    
1902,2017,KENWORTH    
1903,2017,KENWORTH    
1904,2017,KENWORTH    
1905,2017,KENWORTH    
1906,2017,KENWORTH    
1907,2017,KENWORTH    
1908,2017,KENWORTH    
1909,2017,KENWORTH    
1910,2017,KENWORTH    
1911,2017,KENWORTH    
1912,2017,KENWORTH    
1913,2017,KENWORTH    
1914,2017,KENWORTH    
1915,2017,KENWORTH    
1916,2017,KENWORTH    
1917,2017,KENWORTH    
1918,2017,KENWORTH    
1919,2017,KENWORTH    
1920,2017,KENWORTH    
1921,2017,KENWORTH    
1922,2017,KENWORTH    
1923,2017,KENWORTH    
1924,2017,KENWORTH    
1925,2017,KENWORTH    
1926,2017,KENWORTH    
1927,2017,KENWORTH    
1928,2017,KENWORTH    
1930,2017,KENWORTH    
1931,2017,KENWORTH    
1929,2017,KENWORTH    
1932,2017,KENWORTH    
1933,2017,KENWORTH    
1934,2017,KENWORTH    
1935,2017,KENWORTH    
1936,2017,KENWORTH    
1937,2017,KENWORTH    
1938,2017,KENWORTH    
1939,2017,KENWORTH    
1940,2017,KENWORTH    
1941,2017,KENWORTH    
1942,2017,KENWORTH    
1943,2017,KENWORTH    
1944,2017,KENWORTH    
1945,2017,KENWORTH    
1946,2017,KENWORTH    
1947,2017,KENWORTH    
1948,2017,KENWORTH    
1949,2017,KENWORTH    
1950,2017,KENWORTH    
1951,2017,KENWORTH    
CCTRK ,    ,            
1952,2017,KENWORTH    
1953,2017,KENWORTH    
1954,2017,KENWORTH    
1955,2017,KENWORTH    
1956,2016,KENWORTH    
1957,2017,KENWORTH    
1958,2017,KENWORTH    
1959,2017,KENWORTH    
1960,2017,KENWORTH    
1961,2017,KENWORTH    
1962,2017,KENWORTH    
1963,2017,KENWORTH    
1964,2016,KENWORTH    
1965,2017,KENWORTH    
1966,2017,KENWORTH    
1967,2017,KENWORTH    
1968,2017,KENWORTH    
1969,2017,KENWORTH    
1970,2017,KENWORTH    
1971,2017,KENWORTH    
1972,2017,KENWORTH    
1973,2017,KENWORTH    
1974,2017,KENWORTH    
1975,2017,KENWORTH    
1976,2016,KENWORTH    
1977,2017,KENWORTH    
1978,2017,KENWORTH    
1979,2017,KENWORTH    
1980,2017,KENWORTH    
1981,2017,KENWORTH    
1982,2017,KENWORTH    
1983,2017,KENWORTH    
1984,2017,KENWORTH    
1985,2017,KENWORTH    
1986,2017,KENWORTH    
1987,2017,KENWORTH    
1988,2017,KEWORTH     
1989,2017,KENWORTH    
1990,2017,KENWORTH    
1991,2017,KENWORTH    
1992,2017,KENWORTH    
1993,2017,KENWORTH    
1994,2017,KENWORTH    
1995,2017,KENWORTH    
1996,2016,KENWORTH    
1997,2017,KENWORTH    
1998,2017,KENWORTH    
1999,2017,KENWORTH    
2000,2017,KENWORTH    
2001,2017,KENWORTH    
2002,2017,KENWORTH    
2003,2017,KENWORTH    
2004,2017,KENWORTH    
2005,2017,KENWORTH    
2006,2017,KENWORTH    
2007,2017,KENWORTH    
2008,2017,KENWORTH    
2009,2017,KENWORTH    
2010,2017,KENWORTH    
2011,2017,KENWORTH    
2016,2017,KENWORTH    
2013,2017,KENWORTH    
2014,2017,KENWORTH    
2015,2017,KENWORTH    
2012,2017,KENWORTH    
2017,2017,KENWORTH    
2018,2017,KENWORTH    
2019,2017,KENWORTH    
2020,2017,KENWORTH    
2021,2017,KENWORTH    
2022,2018,KENWORTH    
2023,2018,KENWORTH    
2024,2018,KENWORTH    
2025,2018,KENWORTH    
2026,2018,KENWORTH    
2027,2018,KENWORTH    
2028,2017,KENWORTH    
2029,2017,KENWORTH    
2030,2018,KENWORTH    
2031,2018,KENWORTH    
2032,2018,KENWORTH    
2033,2018,KENWORTH    
2034,2018,KENWORTH    
2035,2018,KENWORTH    
203,2018,KENWORTH    
2037,2018,KENWORTH    
2038,2018,KENWORTH    
2039,2018,KENWORTH    
2040,2018,KENWORTH    
2041,2018,KENWORTH    
2042,2018,KENWORTH    
2043,2018,KENWORTH    
2044,2018,KENWORTH    
2045,2018,KENWORTH    
2046,2018,KENWORTH    
2036,2018,KENWORTH    
2047,2018,KENWORTH    
2048,2018,KENWORTH    
2049,2018,KENWORTH    
2050,2018,KENWORTH    
2051,2018,KENWORTH    
2052,2018,KENWORTH    
2053,2018,KENWORTH    
2054,2018,KENWORTH    
2055,2018,KENWORTH    
2056,2018,KENWORTH    
2057,2018,KENWORTH    
2058,2018,KENWORTH    
2059,2018,KENWORTH    
2060,2018,KENWORTH    
2061,2018,KENWORTH    
2062,2018,KENWORTH    
2063,2018,KENWORTH    
2064,2018,KENWORTH    
2065,2018,KENWORTH    
2066,2018,KENWORTH    
816,2015,PETERBILT   
2067,2018,KENWORTH    
2068,2018,KENWORTH    
2069,2018,KENWORTH    
2070,2018,KENWORTH    
2071,2018,KENWORTH    
2072,2018,KENWORTH    
2073,2018,KENWORTH    
2074,2018,KENWORTH    
2075,2018,KENWORTH    
2076,2018,KENWORTH    
2077,2018,KENWORTH    
2078,2018,KENWORTH    
2079,2018,KENWORTH    
2080,2018,KENWORTH    
2081,2018,KENWORTH    
2082,2018,KENWORTH    
2083,2018,KENWORTH    
2084,2018,KENWORTH    
2085,2018,KENWORTH    
2086,2018,KENWORTH    
2087,2018,KENWORTH    
2088,2018,KENWORTH    
2089,2018,KENWORTH    
2090,2018,KENWORTH    
2091,2018,KENWORTH    
2092,2018,KENWORTH    
2093,2018,KENWORTH    
2094,2018,KENWORTH    
2095,2018,KENWORTH    
2096,2018,KENWORTH    
2097,2018,KENWORTH    
2098,2018,KENWORTH    
2100,2018,KENWORTH    
2101,2018,KENWORTH    
2102,2018,KENWORTH    
2103,2017,KENWORTH    
2104,2018,KENWORTH    
2099,2018,KENWORTH    
2105,2018,KENWORTH    
2106,2018,KENWORTH    
2107,2018,KENWORTH    
2108,2018,KENWORTH    
2109,2018,KENWORTH    
2110,2018,KENWORTH    
2111,2018,KENWORTH    
2112,2018,KENWORTH    
2113,2018,KENWORTH    
2122,2018,KENWORTH    
2114,2018,KENWORTH    
2123,2018,KENWORTH    
21249,2018,KENWORTH    
2115,2018,KENWORTH    
2125,2018,KENWORTH    
2116,2018,KENWORTH    
2117,2018,KENWORTH    
2124,2018,KENWORTH    
2118,2018,KENWORTH    
2126,2018,KENWORTH    
2119,2018,KENWORTH    
2127,2018,KENWORTH    
2120,2018,KENWORTH    
2128,2018,KENWORTH    
2129,2018,KENWORTH    
2121,2018,KENWORTH    
2130,2018,KENWORTH    
2131,2018,KENWORTH    
2132,2018,KENWORTH    
2133,2018,KENWORTH    
2134,2018,KENWORTH    
2135,2018,KENWORTH    
2136,2018,KENWORTH    
2137,2018,KENWORTH    
2138,2018,KENWORTH    
2139,2018,KENWORTH    
2140,2018,KENWORTH    
2141,2018,KENWORTH    
2142,2018,KENWORTH    
2143,2018,KENWORTH    
2144,2018,KENWORTH    
2145,2018,KENWORTH    
2146,2018,KENWORTH    
2147,2019,KENWORTH    
2148,2019,KENWORTH    
2149,2019,KENWORTH    
2150,2019,KENWORTH    
2151,2019,KENWORTH    
2152,2019,KENWORTH    
2153,2019,KENWORTH    
2154,2019,KENWORTH    
2155,2019,KENWORTH    
2156,2019,KENWORTH    
2157,2019,KENWORTH    
2158,2019,KENWORTH    
2159,2019,KENWORTH    
2160,2019,KENWORTH    
2161,2019,KENWORTH    
2162,2019,KENWORTH    
2163,2019,KENWORTH    
2164,2019,KENWORTH    
2165,2019,KENWORTH    
2166,2019,KENWORTH    
2167,2019,KENWORTH    
2168,2019,KENWORTH    
2169,2019,KENWORTH    
2170,2019,KENWORTH    
2171,2019,KENWORTH    
2172,2019,KENWORTH    
2173,2019,KENWORTH    
2174,2019,KENWORTH    
2175,2019,KENWORTH    
2176,2019,KENWORTH    